,% acierto,Benef Total,Benef Anual,Loss,Accuracy
0,0.7015706806282722,0.9077414468486074,0.4008003246992979,0.5767632126808167,0.7015706896781921
1,0.6980802792321117,0.9002869312611985,0.39750888937012785,0.5767784714698792,0.69808030128479
2,0.7015706806282722,0.9077414468486074,0.4008003246992979,0.5768044590950012,0.7015706896781921
3,0.6980802792321117,0.9002869312611985,0.39750888937012785,0.5767130255699158,0.69808030128479
4,0.7015706806282722,0.9077414468486074,0.4008003246992979,0.5766989588737488,0.7015706896781921
5,0.699825479930192,0.9054410642408939,0.3997846234780911,0.5766922235488892,0.6998254656791687
6,0.7015706806282722,0.9077414468486074,0.4008003246992979,0.5767595171928406,0.7015706896781921
7,0.699825479930192,0.9054410642408939,0.3997846234780911,0.5765905380249023,0.6998254656791687
8,0.7015706806282722,0.945733362980302,0.4175751148935714,0.577060878276825,0.7015706896781921
9,0.6980802792321117,0.9002869312611985,0.39750888937012785,0.5766503214836121,0.69808030128479
10,0.699825479930192,0.9025810914366956,0.3985218431648936,0.5767074227333069,0.6998254656791687
11,0.699825479930192,0.9025810914366956,0.3985218431648936,0.5766378045082092,0.6998254656791687
12,0.7015706806282722,0.9077414468486074,0.4008003246992979,0.5767796635627747,0.7015706896781921
13,0.6980802792321117,0.9002869312611985,0.39750888937012785,0.5766134858131409,0.69808030128479
14,0.699825479930192,0.9054410642408939,0.3997846234780911,0.5766045451164246,0.6998254656791687
15,0.7033158813263525,0.9480823892878834,0.4186122940485768,0.5767364501953125,0.7033158540725708
16,0.7015706806282722,0.9077414468486074,0.4008003246992979,0.5766598582267761,0.7015706896781921
17,0.6980802792321117,0.9002869312611985,0.39750888937012785,0.5770314335823059,0.69808030128479
18,0.6980802792321117,0.9002869312611985,0.39750888937012785,0.5769706964492798,0.69808030128479
19,0.6980802792321117,0.9002869312611985,0.39750888937012785,0.5768364667892456,0.69808030128479
20,0.7015706806282722,0.9077414468486074,0.4008003246992979,0.576539158821106,0.7015706896781921
21,0.7015706806282722,0.9077414468486074,0.4008003246992979,0.5766357779502869,0.7015706896781921
22,0.6980802792321117,0.9002869312611985,0.39750888937012785,0.5763559341430664,0.69808030128479
23,0.6980802792321117,0.9002869312611985,0.39750888937012785,0.5767180323600769,0.69808030128479
24,0.6980802792321117,0.9002869312611985,0.39750888937012785,0.5768610835075378,0.69808030128479
25,0.699825479930192,0.9404702411320143,0.41525125830087195,0.5768730044364929,0.6998254656791687
26,0.6980802792321117,0.8863336224114302,0.391348004310806,0.5768517255783081,0.69808030128479
27,0.699825479930192,0.9025810914366956,0.3985218431648936,0.5768043398857117,0.6998254656791687
28,0.7033158813263525,0.9480823892878834,0.4186122940485768,0.5770860910415649,0.7033158540725708
29,0.7033158813263525,0.9480823892878834,0.4186122940485768,0.5767805576324463,0.7033158540725708
30,0.699825479930192,0.9054410642408939,0.3997846234780911,0.5768088102340698,0.6998254656791687
31,0.699825479930192,0.9025810914366956,0.3985218431648936,0.5767714381217957,0.6998254656791687
32,0.6980802792321117,0.9002869312611985,0.39750888937012785,0.5765877962112427,0.69808030128479
33,0.6980802792321117,0.9002869312611985,0.39750888937012785,0.5768579840660095,0.69808030128479
34,0.7015706806282722,0.945733362980302,0.4175751148935714,0.5769652128219604,0.7015706896781921
35,0.7015706806282722,0.9077414468486074,0.4008003246992979,0.5765657424926758,0.7015706896781921
36,0.699825479930192,0.9054410642408939,0.3997846234780911,0.5768237709999084,0.6998254656791687
37,0.7033158813263525,0.9480823892878834,0.4186122940485768,0.5768519639968872,0.7033158540725708
38,0.7015706806282722,0.9077414468486074,0.4008003246992979,0.577026903629303,0.7015706896781921
39,0.7015706806282722,0.9077414468486074,0.4008003246992979,0.5769268274307251,0.7015706896781921
40,0.7015706806282722,0.945733362980302,0.4175751148935714,0.5770614147186279,0.7015706896781921
41,0.7033158813263525,0.9480823892878834,0.4186122940485768,0.5772039890289307,0.7033158540725708
42,0.699825479930192,0.9054410642408939,0.3997846234780911,0.5766739845275879,0.6998254656791687
43,0.7033158813263525,0.9480823892878834,0.4186122940485768,0.5769128799438477,0.7033158540725708
44,0.699825479930192,0.9404702411320143,0.41525125830087195,0.5765039324760437,0.6998254656791687
45,0.699825479930192,0.9054410642408939,0.3997846234780911,0.5768008828163147,0.6998254656791687
46,0.6980802792321117,0.9002869312611985,0.39750888937012785,0.5764656066894531,0.69808030128479
47,0.7015706806282722,0.945733362980302,0.4175751148935714,0.5767433643341064,0.7015706896781921
48,0.6980802792321117,0.9002869312611985,0.39750888937012785,0.5767152309417725,0.69808030128479
49,0.699825479930192,0.9054410642408939,0.3997846234780911,0.5768114924430847,0.6998254656791687
50,0.7033158813263525,0.9480823892878834,0.4186122940485768,0.5772769451141357,0.7033158540725708
51,0.7015706806282722,0.9077414468486074,0.4008003246992979,0.5770374536514282,0.7015706896781921
52,0.699825479930192,0.9025810914366956,0.3985218431648936,0.5765080451965332,0.6998254656791687
53,0.7033158813263525,0.9480823892878834,0.4186122940485768,0.5768827199935913,0.7033158540725708
54,0.7015706806282722,0.9077414468486074,0.4008003246992979,0.5771307349205017,0.7015706896781921
55,0.699825479930192,0.9025810914366956,0.3985218431648936,0.577070951461792,0.6998254656791687
56,0.7033158813263525,0.9480823892878834,0.4186122940485768,0.576596736907959,0.7033158540725708
57,0.6980802792321117,0.9002869312611985,0.39750888937012785,0.57662433385849,0.69808030128479
58,0.7015706806282722,0.9428129134283441,0.4162856319325848,0.5768988132476807,0.7015706896781921
59,0.6980802792321117,0.9002869312611985,0.39750888937012785,0.5766245126724243,0.69808030128479
60,0.6980802792321117,0.9002869312611985,0.39750888937012785,0.5764362812042236,0.69808030128479
61,0.6980802792321117,0.9002869312611985,0.39750888937012785,0.5766329169273376,0.69808030128479
62,0.699825479930192,0.9025810914366956,0.3985218431648936,0.5770233273506165,0.6998254656791687
63,0.7033158813263525,0.9480823892878834,0.4186122940485768,0.5772834420204163,0.7033158540725708
64,0.7015706806282722,0.9077414468486074,0.4008003246992979,0.5766977667808533,0.7015706896781921
65,0.6980802792321117,0.9002869312611985,0.39750888937012785,0.5765042304992676,0.69808030128479
66,0.6980802792321117,0.9002869312611985,0.39750888937012785,0.5768563747406006,0.69808030128479
67,0.7033158813263525,0.9480823892878834,0.4186122940485768,0.5768960118293762,0.7033158540725708
68,0.7015706806282722,0.9077414468486074,0.4008003246992979,0.5764883756637573,0.7015706896781921
69,0.7015706806282722,0.9077414468486074,0.4008003246992979,0.5769941210746765,0.7015706896781921
70,0.7015706806282722,0.945733362980302,0.4175751148935714,0.576939046382904,0.7015706896781921
71,0.6980802792321117,0.9002869312611985,0.39750888937012785,0.5765557289123535,0.69808030128479
72,0.6980802792321117,0.9002869312611985,0.39750888937012785,0.5766465663909912,0.69808030128479
73,0.699825479930192,0.9054410642408939,0.3997846234780911,0.5769696235656738,0.6998254656791687
74,0.7015706806282722,0.945733362980302,0.4175751148935714,0.5771360993385315,0.7015706896781921
75,0.6980802792321117,0.9002869312611985,0.39750888937012785,0.5763334035873413,0.69808030128479
76,0.6980802792321117,0.9002869312611985,0.39750888937012785,0.5767009258270264,0.69808030128479
77,0.699825479930192,0.9054410642408939,0.3997846234780911,0.5766083598136902,0.6998254656791687
78,0.6980802792321117,0.9002869312611985,0.39750888937012785,0.5769115090370178,0.69808030128479
79,0.7015706806282722,0.9077414468486074,0.4008003246992979,0.5763072967529297,0.7015706896781921
80,0.6980802792321117,0.9002869312611985,0.39750888937012785,0.5765929222106934,0.69808030128479
81,0.699825479930192,0.9025810914366956,0.3985218431648936,0.5768656730651855,0.6998254656791687
82,0.7015706806282722,0.9077414468486074,0.4008003246992979,0.576817512512207,0.7015706896781921
83,0.6980802792321117,0.9002869312611985,0.39750888937012785,0.5769502520561218,0.69808030128479
84,0.7015706806282722,0.9077414468486074,0.4008003246992979,0.5768254399299622,0.7015706896781921
85,0.6980802792321117,0.9002869312611985,0.39750888937012785,0.5765242576599121,0.69808030128479
86,0.6980802792321117,0.9002869312611985,0.39750888937012785,0.5764914155006409,0.69808030128479
87,0.6980802792321117,0.9002869312611985,0.39750888937012785,0.576412558555603,0.69808030128479
88,0.699825479930192,0.9054410642408939,0.3997846234780911,0.5765228867530823,0.6998254656791687
89,0.6980802792321117,0.9002869312611985,0.39750888937012785,0.5768336653709412,0.69808030128479
90,0.6980802792321117,0.9002869312611985,0.39750888937012785,0.5765520930290222,0.69808030128479
91,0.699825479930192,0.8935730728468356,0.39454448068106357,0.5769066214561462,0.6998254656791687
92,0.6980802792321117,0.9002869312611985,0.39750888937012785,0.5767425894737244,0.69808030128479
93,0.7015706806282722,0.933614412024355,0.41222416447148663,0.5771564841270447,0.7015706896781921
94,0.699825479930192,0.9054410642408939,0.3997846234780911,0.5764213800430298,0.6998254656791687
95,0.699825479930192,0.9054410642408939,0.3997846234780911,0.5767871141433716,0.6998254656791687
96,0.7015706806282722,0.945733362980302,0.4175751148935714,0.5766436457633972,0.7015706896781921
97,0.699825479930192,0.9025810914366956,0.3985218431648936,0.5765216946601868,0.6998254656791687
98,0.7033158813263525,0.9480823892878834,0.4186122940485768,0.5767912268638611,0.7033158540725708
99,0.699825479930192,0.9054410642408939,0.3997846234780911,0.5767570734024048,0.6998254656791687
100,0.7015706806282722,0.9077414468486074,0.4008003246992979,0.5767615437507629,0.7015706896781921
101,0.7015706806282722,0.9077414468486074,0.4008003246992979,0.5767412781715393,0.7015706896781921
102,0.699825479930192,0.9054410642408939,0.3997846234780911,0.5766083598136902,0.6998254656791687
103,0.6980802792321117,0.9002869312611985,0.39750888937012785,0.5769051909446716,0.69808030128479
104,0.7033158813263525,0.9480823892878834,0.4186122940485768,0.5768670439720154,0.7033158540725708
105,0.7015706806282722,0.933614412024355,0.41222416447148663,0.5771198868751526,0.7015706896781921
106,0.7015706806282722,0.9077414468486074,0.4008003246992979,0.5766187906265259,0.7015706896781921
107,0.7015706806282722,0.9077414468486074,0.4008003246992979,0.5769307017326355,0.7015706896781921
108,0.6980802792321117,0.9002869312611985,0.39750888937012785,0.5767108798027039,0.69808030128479
109,0.699825479930192,0.8935730728468356,0.39454448068106357,0.5769863724708557,0.6998254656791687
110,0.699825479930192,0.9054410642408939,0.3997846234780911,0.5764333009719849,0.6998254656791687
111,0.6980802792321117,0.9002869312611985,0.39750888937012785,0.5767905712127686,0.69808030128479
112,0.699825479930192,0.9025810914366956,0.3985218431648936,0.5767108201980591,0.6998254656791687
113,0.6980802792321117,0.9002869312611985,0.39750888937012785,0.5767248868942261,0.69808030128479
114,0.7015706806282722,0.933614412024355,0.41222416447148663,0.576786458492279,0.7015706896781921
115,0.7015706806282722,0.945733362980302,0.4175751148935714,0.5769582986831665,0.7015706896781921
116,0.7033158813263525,0.9480823892878834,0.4186122940485768,0.576924204826355,0.7033158540725708
117,0.699825479930192,0.9025810914366956,0.3985218431648936,0.5769962668418884,0.6998254656791687
118,0.699825479930192,0.9054410642408939,0.3997846234780911,0.5769022107124329,0.6998254656791687
119,0.699825479930192,0.9025810914366956,0.3985218431648936,0.5765699148178101,0.6998254656791687
120,0.7033158813263525,0.9480823892878834,0.4186122940485768,0.5770169496536255,0.7033158540725708
121,0.7015706806282722,0.9077414468486074,0.4008003246992979,0.5766605734825134,0.7015706896781921
122,0.6980802792321117,0.9002869312611985,0.39750888937012785,0.5768445134162903,0.69808030128479
123,0.7015706806282722,0.9077414468486074,0.4008003246992979,0.5769006013870239,0.7015706896781921
124,0.7033158813263525,0.9480823892878834,0.4186122940485768,0.5771177411079407,0.7033158540725708
125,0.7015706806282722,0.945733362980302,0.4175751148935714,0.576910674571991,0.7015706896781921
126,0.699825479930192,0.9054410642408939,0.3997846234780911,0.5762736797332764,0.6998254656791687
127,0.6980802792321117,0.9002869312611985,0.39750888937012785,0.5766603946685791,0.69808030128479
128,0.699825479930192,0.9054410642408939,0.3997846234780911,0.5766975283622742,0.6998254656791687
129,0.6980802792321117,0.9002869312611985,0.39750888937012785,0.576516330242157,0.69808030128479
130,0.6980802792321117,0.9002869312611985,0.39750888937012785,0.5768851041793823,0.69808030128479
131,0.7015706806282722,0.9077414468486074,0.4008003246992979,0.5769835710525513,0.7015706896781921
132,0.6980802792321117,0.9002869312611985,0.39750888937012785,0.5766516923904419,0.69808030128479
133,0.7015706806282722,0.9077414468486074,0.4008003246992979,0.5771563649177551,0.7015706896781921
134,0.699825479930192,0.9025810914366956,0.3985218431648936,0.5766232013702393,0.6998254656791687
135,0.6980802792321117,0.9002869312611985,0.39750888937012785,0.5767543911933899,0.69808030128479
136,0.6980802792321117,0.9002869312611985,0.39750888937012785,0.5766555070877075,0.69808030128479
137,0.699825479930192,0.9054410642408939,0.3997846234780911,0.5767624378204346,0.6998254656791687
138,0.699825479930192,0.9054410642408939,0.3997846234780911,0.576539933681488,0.6998254656791687
139,0.699825479930192,0.9054410642408939,0.3997846234780911,0.5763993263244629,0.6998254656791687
140,0.7015706806282722,0.945733362980302,0.4175751148935714,0.576869547367096,0.7015706896781921
141,0.7015706806282722,0.933614412024355,0.41222416447148663,0.5768842697143555,0.7015706896781921
142,0.7015706806282722,0.9077414468486074,0.4008003246992979,0.5767725706100464,0.7015706896781921
143,0.699825479930192,0.9025810914366956,0.3985218431648936,0.5769649744033813,0.6998254656791687
144,0.7015706806282722,0.9077414468486074,0.4008003246992979,0.5769442915916443,0.7015706896781921
145,0.7015706806282722,0.9077414468486074,0.4008003246992979,0.5767397284507751,0.7015706896781921
146,0.7015706806282722,0.9077414468486074,0.4008003246992979,0.5767487287521362,0.7015706896781921
147,0.7033158813263525,0.9480823892878834,0.4186122940485768,0.5772300958633423,0.7033158540725708
148,0.6980802792321117,0.9002869312611985,0.39750888937012785,0.5764098167419434,0.69808030128479
149,0.7015706806282722,0.9077414468486074,0.4008003246992979,0.5764597654342651,0.7015706896781921
150,0.7015706806282722,0.933614412024355,0.41222416447148663,0.5769888758659363,0.7015706896781921
151,0.7033158813263525,0.9480823892878834,0.4186122940485768,0.5770175457000732,0.7033158540725708
152,0.7015706806282722,0.9077414468486074,0.4008003246992979,0.5768632888793945,0.7015706896781921
153,0.699825479930192,0.9054410642408939,0.3997846234780911,0.5766512751579285,0.6998254656791687
154,0.7015706806282722,0.9077414468486074,0.4008003246992979,0.5766677856445312,0.7015706896781921
155,0.699825479930192,0.9025810914366956,0.3985218431648936,0.5768768787384033,0.6998254656791687
156,0.7015706806282722,0.9077414468486074,0.4008003246992979,0.576587975025177,0.7015706896781921
157,0.7015706806282722,0.9077414468486074,0.4008003246992979,0.5767810344696045,0.7015706896781921
158,0.7015706806282722,0.9077414468486074,0.4008003246992979,0.5770489573478699,0.7015706896781921
159,0.699825479930192,0.9025810914366956,0.3985218431648936,0.5765361189842224,0.6998254656791687
160,0.7033158813263525,0.9480823892878834,0.4186122940485768,0.5772520899772644,0.7033158540725708
161,0.699825479930192,0.8921328499535981,0.39390857074740027,0.5767805576324463,0.6998254656791687
162,0.7015706806282722,0.9077414468486074,0.4008003246992979,0.5768938660621643,0.7015706896781921
163,0.699825479930192,0.9054410642408939,0.3997846234780911,0.5764492750167847,0.6998254656791687
164,0.7015706806282722,0.9077414468486074,0.4008003246992979,0.5765594840049744,0.7015706896781921
165,0.699825479930192,0.9054410642408939,0.3997846234780911,0.5767416954040527,0.6998254656791687
166,0.699825479930192,0.9054410642408939,0.3997846234780911,0.5766363143920898,0.6998254656791687
167,0.7015706806282722,0.945733362980302,0.4175751148935714,0.5766947269439697,0.7015706896781921
168,0.7033158813263525,0.9480823892878834,0.4186122940485768,0.5770502686500549,0.7033158540725708
169,0.699825479930192,0.9025810914366956,0.3985218431648936,0.5768237113952637,0.6998254656791687
170,0.699825479930192,0.9054410642408939,0.3997846234780911,0.5767037272453308,0.6998254656791687
171,0.7015706806282722,0.8993945569081347,0.3971148741671171,0.5767929553985596,0.7015706896781921
172,0.6980802792321117,0.8912897746722288,0.39353632284829654,0.5771583318710327,0.69808030128479
173,0.699825479930192,0.9054410642408939,0.3997846234780911,0.5768625140190125,0.6998254656791687
174,0.699825479930192,0.9054410642408939,0.3997846234780911,0.5767303109169006,0.6998254656791687
175,0.699825479930192,0.9054410642408939,0.3997846234780911,0.5767697691917419,0.6998254656791687
176,0.7015706806282722,0.9077414468486074,0.4008003246992979,0.5766980648040771,0.7015706896781921
177,0.699825479930192,0.9054410642408939,0.3997846234780911,0.5767199397087097,0.6998254656791687
178,0.6963350785340314,0.8754467748361829,0.38654107161178763,0.5766833424568176,0.6963350772857666
179,0.699825479930192,0.9054410642408939,0.3997846234780911,0.5764941573143005,0.6998254656791687
180,0.6980802792321117,0.9002869312611985,0.39750888937012785,0.5765970349311829,0.69808030128479
181,0.7033158813263525,0.9480823892878834,0.4186122940485768,0.5769843459129333,0.7033158540725708
182,0.7033158813263525,0.9480823892878834,0.4186122940485768,0.5767649412155151,0.7033158540725708
183,0.699825479930192,0.9054410642408939,0.3997846234780911,0.576827883720398,0.6998254656791687
184,0.7015706806282722,0.9077414468486074,0.4008003246992979,0.5768575668334961,0.7015706896781921
185,0.699825479930192,0.9054410642408939,0.3997846234780911,0.5768941044807434,0.6998254656791687
186,0.7033158813263525,0.9480823892878834,0.4186122940485768,0.5770286321640015,0.7033158540725708
187,0.7015706806282722,0.945733362980302,0.4175751148935714,0.5767982006072998,0.7015706896781921
188,0.699825479930192,0.9404702411320143,0.41525125830087195,0.576700747013092,0.6998254656791687
189,0.699825479930192,0.9054410642408939,0.3997846234780911,0.5767438411712646,0.6998254656791687
190,0.7015706806282722,0.9077414468486074,0.4008003246992979,0.5765120983123779,0.7015706896781921
191,0.6980802792321117,0.9002869312611985,0.39750888937012785,0.5768353939056396,0.69808030128479
192,0.7015706806282722,0.9077414468486074,0.4008003246992979,0.5766268968582153,0.7015706896781921
193,0.6980802792321117,0.9002869312611985,0.39750888937012785,0.577100932598114,0.69808030128479
194,0.7015706806282722,0.945733362980302,0.4175751148935714,0.5767164826393127,0.7015706896781921
195,0.699825479930192,0.9025810914366956,0.3985218431648936,0.5767024755477905,0.6998254656791687
196,0.7015706806282722,0.9077414468486074,0.4008003246992979,0.5767709612846375,0.7015706896781921
197,0.6980802792321117,0.9002869312611985,0.39750888937012785,0.576714813709259,0.69808030128479
198,0.699825479930192,0.9404702411320143,0.41525125830087195,0.5770671367645264,0.6998254656791687
199,0.7015706806282722,0.9077414468486074,0.4008003246992979,0.5768304467201233,0.7015706896781921
200,0.7015706806282722,0.945733362980302,0.4175751148935714,0.5767620205879211,0.7015706896781921
201,0.699825479930192,0.9025810914366956,0.3985218431648936,0.5768652558326721,0.6998254656791687
202,0.7015706806282722,0.9077414468486074,0.4008003246992979,0.5766719579696655,0.7015706896781921
203,0.6980802792321117,0.9002869312611985,0.39750888937012785,0.5766944289207458,0.69808030128479
204,0.6980802792321117,0.9002869312611985,0.39750888937012785,0.5766611099243164,0.69808030128479
205,0.6980802792321117,0.9002869312611985,0.39750888937012785,0.5767830014228821,0.69808030128479
206,0.699825479930192,0.9054410642408939,0.3997846234780911,0.5764029622077942,0.6998254656791687
207,0.7015706806282722,0.9077414468486074,0.4008003246992979,0.576943039894104,0.7015706896781921
208,0.699825479930192,0.9054410642408939,0.3997846234780911,0.5764203071594238,0.6998254656791687
209,0.699825479930192,0.9054410642408939,0.3997846234780911,0.5766618251800537,0.6998254656791687
210,0.699825479930192,0.9054410642408939,0.3997846234780911,0.5768091678619385,0.6998254656791687
211,0.699825479930192,0.9025810914366956,0.3985218431648936,0.5768012404441833,0.6998254656791687
212,0.699825479930192,0.9054410642408939,0.3997846234780911,0.5764904618263245,0.6998254656791687
213,0.7015706806282722,0.9077414468486074,0.4008003246992979,0.5767517685890198,0.7015706896781921
214,0.7015706806282722,0.9077414468486074,0.4008003246992979,0.5768837928771973,0.7015706896781921
215,0.6980802792321117,0.9002869312611985,0.39750888937012785,0.5767831802368164,0.69808030128479
216,0.7015706806282722,0.945733362980302,0.4175751148935714,0.577020525932312,0.7015706896781921
217,0.6980802792321117,0.9002869312611985,0.39750888937012785,0.5766628980636597,0.69808030128479
218,0.7015706806282722,0.945733362980302,0.4175751148935714,0.5765835046768188,0.7015706896781921
219,0.699825479930192,0.8935730728468356,0.39454448068106357,0.5768019556999207,0.6998254656791687
220,0.6980802792321117,0.9002869312611985,0.39750888937012785,0.5765385627746582,0.69808030128479
221,0.699825479930192,0.9054410642408939,0.3997846234780911,0.5766566395759583,0.6998254656791687
222,0.6980802792321117,0.8805335340591336,0.38878705779574313,0.5766916275024414,0.69808030128479
223,0.699825479930192,0.9054410642408939,0.3997846234780911,0.5767750144004822,0.6998254656791687
224,0.6980802792321117,0.9002869312611985,0.39750888937012785,0.5766089558601379,0.69808030128479
225,0.7015706806282722,0.9428129134283441,0.4162856319325848,0.5768886804580688,0.7015706896781921
226,0.6980802792321117,0.9002869312611985,0.39750888937012785,0.576603353023529,0.69808030128479
227,0.699825479930192,0.9054410642408939,0.3997846234780911,0.5766730308532715,0.6998254656791687
228,0.6980802792321117,0.9002869312611985,0.39750888937012785,0.5765226483345032,0.69808030128479
229,0.6980802792321117,0.9002869312611985,0.39750888937012785,0.5765130519866943,0.69808030128479
230,0.7015706806282722,0.945733362980302,0.4175751148935714,0.5766578316688538,0.7015706896781921
231,0.6980802792321117,0.9002869312611985,0.39750888937012785,0.5768665671348572,0.69808030128479
232,0.699825479930192,0.9054410642408939,0.3997846234780911,0.5769904851913452,0.6998254656791687
233,0.7033158813263525,0.9480823892878834,0.4186122940485768,0.5769026875495911,0.7033158540725708
234,0.7015706806282722,0.945733362980302,0.4175751148935714,0.5767308473587036,0.7015706896781921
235,0.699825479930192,0.9054410642408939,0.3997846234780911,0.576698899269104,0.6998254656791687
236,0.699825479930192,0.9054410642408939,0.3997846234780911,0.5770590305328369,0.6998254656791687
237,0.6980802792321117,0.9002869312611985,0.39750888937012785,0.5768333077430725,0.69808030128479
238,0.699825479930192,0.9025810914366956,0.3985218431648936,0.5767735838890076,0.6998254656791687
239,0.6980802792321117,0.9002869312611985,0.39750888937012785,0.5767284631729126,0.69808030128479
240,0.699825479930192,0.9054410642408939,0.3997846234780911,0.5764522552490234,0.6998254656791687
241,0.699825479930192,0.9054410642408939,0.3997846234780911,0.5766707062721252,0.6998254656791687
242,0.6980802792321117,0.9151048168190563,0.40405151597769856,0.5768983364105225,0.69808030128479
243,0.6980802792321117,0.8912897746722288,0.39353632284829654,0.5767670273780823,0.69808030128479
244,0.699825479930192,0.9054410642408939,0.3997846234780911,0.5768067836761475,0.6998254656791687
245,0.6980802792321117,0.9002869312611985,0.39750888937012785,0.5766791701316833,0.69808030128479
246,0.699825479930192,0.9054410642408939,0.3997846234780911,0.5767441391944885,0.6998254656791687
247,0.6980802792321117,0.9002869312611985,0.39750888937012785,0.576406717300415,0.69808030128479
248,0.7033158813263525,0.9480823892878834,0.4186122940485768,0.5769920945167542,0.7033158540725708
249,0.6980802792321117,0.9002869312611985,0.39750888937012785,0.5765531659126282,0.69808030128479
250,0.699825479930192,0.9054410642408939,0.3997846234780911,0.5766112208366394,0.6998254656791687
251,0.6980802792321117,0.9002869312611985,0.39750888937012785,0.5766274333000183,0.69808030128479
252,0.7033158813263525,0.9480823892878834,0.4186122940485768,0.5767617225646973,0.7033158540725708
253,0.7015706806282722,0.945733362980302,0.4175751148935714,0.5772292613983154,0.7015706896781921
254,0.7033158813263525,0.9480823892878834,0.4186122940485768,0.5770379304885864,0.7033158540725708
255,0.699825479930192,0.9025810914366956,0.3985218431648936,0.5765364170074463,0.6998254656791687
256,0.6980802792321117,0.9002869312611985,0.39750888937012785,0.5768939256668091,0.69808030128479
257,0.6980802792321117,0.9002869312611985,0.39750888937012785,0.5764555335044861,0.69808030128479
258,0.6980802792321117,0.9002869312611985,0.39750888937012785,0.5766199827194214,0.69808030128479
259,0.699825479930192,0.9054410642408939,0.3997846234780911,0.576544463634491,0.6998254656791687
260,0.7015706806282722,0.9077414468486074,0.4008003246992979,0.5765068531036377,0.7015706896781921
261,0.699825479930192,0.8935730728468356,0.39454448068106357,0.5768629908561707,0.6998254656791687
262,0.699825479930192,0.9025810914366956,0.3985218431648936,0.5771698355674744,0.6998254656791687
263,0.699825479930192,0.9025810914366956,0.3985218431648936,0.5766012668609619,0.6998254656791687
264,0.6980802792321117,0.9002869312611985,0.39750888937012785,0.5763077139854431,0.69808030128479
265,0.7015706806282722,0.9077414468486074,0.4008003246992979,0.5766587257385254,0.7015706896781921
266,0.6980802792321117,0.9002869312611985,0.39750888937012785,0.5767812132835388,0.69808030128479
267,0.7015706806282722,0.9077414468486074,0.4008003246992979,0.5772284269332886,0.7015706896781921
268,0.7015706806282722,0.9077414468486074,0.4008003246992979,0.576854944229126,0.7015706896781921
269,0.6980802792321117,0.9002869312611985,0.39750888937012785,0.5768139362335205,0.69808030128479
270,0.699825479930192,0.9025810914366956,0.3985218431648936,0.5763521790504456,0.6998254656791687
271,0.6980802792321117,0.9002869312611985,0.39750888937012785,0.5765448212623596,0.69808030128479
272,0.699825479930192,0.9054410642408939,0.3997846234780911,0.5768536925315857,0.6998254656791687
273,0.7015706806282722,0.9077414468486074,0.4008003246992979,0.5768282413482666,0.7015706896781921
274,0.699825479930192,0.9054410642408939,0.3997846234780911,0.5769195556640625,0.6998254656791687
275,0.6980802792321117,0.9002869312611985,0.39750888937012785,0.5765466690063477,0.69808030128479
276,0.6980802792321117,0.9002869312611985,0.39750888937012785,0.5764986872673035,0.69808030128479
277,0.699825479930192,0.9025810914366956,0.3985218431648936,0.5769245624542236,0.6998254656791687
278,0.6980802792321117,0.9002869312611985,0.39750888937012785,0.5764316916465759,0.69808030128479
279,0.6963350785340314,0.8754467748361829,0.38654107161178763,0.5763430595397949,0.6963350772857666
280,0.699825479930192,0.9054410642408939,0.3997846234780911,0.5766420960426331,0.6998254656791687
281,0.6980802792321117,0.9002869312611985,0.39750888937012785,0.5768563151359558,0.69808030128479
282,0.7033158813263525,0.9480823892878834,0.4186122940485768,0.5770262479782104,0.7033158540725708
283,0.699825479930192,0.9054410642408939,0.3997846234780911,0.5765098333358765,0.6998254656791687
284,0.6980802792321117,0.9002869312611985,0.39750888937012785,0.5766739249229431,0.69808030128479
285,0.6980802792321117,0.9002869312611985,0.39750888937012785,0.5769014358520508,0.69808030128479
286,0.7033158813263525,0.9480823892878834,0.4186122940485768,0.5769323706626892,0.7033158540725708
287,0.6980802792321117,0.9002869312611985,0.39750888937012785,0.5764767527580261,0.69808030128479
288,0.7015706806282722,0.9077414468486074,0.4008003246992979,0.5767355561256409,0.7015706896781921
289,0.6980802792321117,0.9002869312611985,0.39750888937012785,0.5763939023017883,0.69808030128479
290,0.7015706806282722,0.9077414468486074,0.4008003246992979,0.5765644311904907,0.7015706896781921
291,0.7015706806282722,0.945733362980302,0.4175751148935714,0.5769657492637634,0.7015706896781921
292,0.7033158813263525,0.9480823892878834,0.4186122940485768,0.576877236366272,0.7033158540725708
293,0.7015706806282722,0.9077414468486074,0.4008003246992979,0.576697051525116,0.7015706896781921
294,0.6980802792321117,0.8912897746722288,0.39353632284829654,0.5768007040023804,0.69808030128479
295,0.699825479930192,0.9054410642408939,0.3997846234780911,0.5767690539360046,0.6998254656791687
296,0.7015706806282722,0.945733362980302,0.4175751148935714,0.5771687626838684,0.7015706896781921
297,0.7015706806282722,0.9077414468486074,0.4008003246992979,0.5767152905464172,0.7015706896781921
298,0.6980802792321117,0.9002869312611985,0.39750888937012785,0.5765948295593262,0.69808030128479
299,0.699825479930192,0.9054410642408939,0.3997846234780911,0.5768730640411377,0.6998254656791687
300,0.6980802792321117,0.9002869312611985,0.39750888937012785,0.5766924619674683,0.69808030128479
301,0.699825479930192,0.9054410642408939,0.3997846234780911,0.5765593647956848,0.6998254656791687
302,0.699825479930192,0.9025810914366956,0.3985218431648936,0.5764970183372498,0.6998254656791687
303,0.699825479930192,0.9054410642408939,0.3997846234780911,0.5765339732170105,0.6998254656791687
304,0.7015706806282722,0.933614412024355,0.41222416447148663,0.5771401524543762,0.7015706896781921
305,0.6980802792321117,0.9002869312611985,0.39750888937012785,0.5768545269966125,0.69808030128479
306,0.6980802792321117,0.8856659518994952,0.3910532038927963,0.5768126845359802,0.69808030128479
307,0.6980802792321117,0.8912897746722288,0.39353632284829654,0.5768589973449707,0.69808030128479
308,0.699825479930192,0.9025810914366956,0.3985218431648936,0.5765082240104675,0.6998254656791687
309,0.699825479930192,0.9054410642408939,0.3997846234780911,0.5767639875411987,0.6998254656791687
310,0.6980802792321117,0.9002869312611985,0.39750888937012785,0.5768548250198364,0.69808030128479
311,0.6980802792321117,0.9002869312611985,0.39750888937012785,0.5768760442733765,0.69808030128479
312,0.7033158813263525,0.9480823892878834,0.4186122940485768,0.576721727848053,0.7033158540725708
313,0.6980802792321117,0.9002869312611985,0.39750888937012785,0.5770580768585205,0.69808030128479
314,0.6980802792321117,0.9002869312611985,0.39750888937012785,0.5763481855392456,0.69808030128479
315,0.699825479930192,0.9025810914366956,0.3985218431648936,0.5768817663192749,0.6998254656791687
316,0.699825479930192,0.9054410642408939,0.3997846234780911,0.5769616365432739,0.6998254656791687
317,0.7015706806282722,0.945733362980302,0.4175751148935714,0.5766829252243042,0.7015706896781921
318,0.7015706806282722,0.9077414468486074,0.4008003246992979,0.576816976070404,0.7015706896781921
319,0.7015706806282722,0.9077414468486074,0.4008003246992979,0.5766878724098206,0.7015706896781921
320,0.6980802792321117,0.9002869312611985,0.39750888937012785,0.5767459273338318,0.69808030128479
321,0.6980802792321117,0.9002869312611985,0.39750888937012785,0.5765347480773926,0.69808030128479
322,0.6980802792321117,0.8912897746722288,0.39353632284829654,0.5767334699630737,0.69808030128479
323,0.7015706806282722,0.9077414468486074,0.4008003246992979,0.5770587921142578,0.7015706896781921
324,0.7015706806282722,0.933614412024355,0.41222416447148663,0.5768794417381287,0.7015706896781921
325,0.7015706806282722,0.9077414468486074,0.4008003246992979,0.5766481757164001,0.7015706896781921
326,0.6980802792321117,0.8856659518994952,0.3910532038927963,0.5765074491500854,0.69808030128479
327,0.699825479930192,0.9025810914366956,0.3985218431648936,0.5767835974693298,0.6998254656791687
328,0.7015706806282722,0.9077414468486074,0.4008003246992979,0.5767639875411987,0.7015706896781921
329,0.6980802792321117,0.9002869312611985,0.39750888937012785,0.5764888525009155,0.69808030128479
330,0.7033158813263525,0.9480823892878834,0.4186122940485768,0.5769110321998596,0.7033158540725708
331,0.7033158813263525,0.9480823892878834,0.4186122940485768,0.5769316554069519,0.7033158540725708
332,0.7015706806282722,0.945733362980302,0.4175751148935714,0.5772669315338135,0.7015706896781921
333,0.699825479930192,0.9404702411320143,0.41525125830087195,0.5769713521003723,0.6998254656791687
334,0.6980802792321117,0.9002869312611985,0.39750888937012785,0.5766749978065491,0.69808030128479
335,0.7033158813263525,0.9480823892878834,0.4186122940485768,0.577060341835022,0.7033158540725708
336,0.699825479930192,0.9054410642408939,0.3997846234780911,0.5764592885971069,0.6998254656791687
337,0.7015706806282722,0.9077414468486074,0.4008003246992979,0.5765658617019653,0.7015706896781921
338,0.699825479930192,0.9054410642408939,0.3997846234780911,0.5768094658851624,0.6998254656791687
339,0.7015706806282722,0.945733362980302,0.4175751148935714,0.5768580436706543,0.7015706896781921
340,0.699825479930192,0.9054410642408939,0.3997846234780911,0.5763689279556274,0.6998254656791687
341,0.699825479930192,0.9054410642408939,0.3997846234780911,0.576810896396637,0.6998254656791687
342,0.6980802792321117,0.8912897746722288,0.39353632284829654,0.57687908411026,0.69808030128479
343,0.6980802792321117,0.9002869312611985,0.39750888937012785,0.5767004489898682,0.69808030128479
344,0.699825479930192,0.9054410642408939,0.3997846234780911,0.5766676068305969,0.6998254656791687
345,0.7015706806282722,0.9077414468486074,0.4008003246992979,0.5766564607620239,0.7015706896781921
346,0.6980802792321117,0.9002869312611985,0.39750888937012785,0.5766701698303223,0.69808030128479
347,0.7015706806282722,0.945733362980302,0.4175751148935714,0.5770094394683838,0.7015706896781921
348,0.699825479930192,0.9054410642408939,0.3997846234780911,0.5767654180526733,0.6998254656791687
349,0.699825479930192,0.8935730728468356,0.39454448068106357,0.5769422054290771,0.6998254656791687
350,0.699825479930192,0.9025810914366956,0.3985218431648936,0.5766573548316956,0.6998254656791687
351,0.6980802792321117,0.9002869312611985,0.39750888937012785,0.5768623948097229,0.69808030128479
352,0.7015706806282722,0.9077414468486074,0.4008003246992979,0.5768185257911682,0.7015706896781921
353,0.699825479930192,0.9054410642408939,0.3997846234780911,0.5766572952270508,0.6998254656791687
354,0.6980802792321117,0.9002869312611985,0.39750888937012785,0.5767645239830017,0.69808030128479
355,0.6980802792321117,0.9002869312611985,0.39750888937012785,0.5767603516578674,0.69808030128479
356,0.7015706806282722,0.945733362980302,0.4175751148935714,0.5768516063690186,0.7015706896781921
357,0.6980802792321117,0.9002869312611985,0.39750888937012785,0.5766423940658569,0.69808030128479
358,0.7015706806282722,0.9077414468486074,0.4008003246992979,0.576674222946167,0.7015706896781921
359,0.6980802792321117,0.9002869312611985,0.39750888937012785,0.576453685760498,0.69808030128479
360,0.7015706806282722,0.8993945569081347,0.3971148741671171,0.5765462517738342,0.7015706896781921
361,0.6980802792321117,0.9002869312611985,0.39750888937012785,0.5766717791557312,0.69808030128479
362,0.6980802792321117,0.9002869312611985,0.39750888937012785,0.576812744140625,0.69808030128479
363,0.7015706806282722,0.9077414468486074,0.4008003246992979,0.5768611431121826,0.7015706896781921
364,0.7015706806282722,0.9077414468486074,0.4008003246992979,0.5768676996231079,0.7015706896781921
365,0.6980802792321117,0.9002869312611985,0.39750888937012785,0.5765724778175354,0.69808030128479
366,0.6980802792321117,0.9002869312611985,0.39750888937012785,0.5764822959899902,0.69808030128479
367,0.699825479930192,0.9054410642408939,0.3997846234780911,0.5768440365791321,0.6998254656791687
368,0.6980802792321117,0.9002869312611985,0.39750888937012785,0.576723575592041,0.69808030128479
369,0.699825479930192,0.9025810914366956,0.3985218431648936,0.5768564939498901,0.6998254656791687
370,0.6980802792321117,0.9002869312611985,0.39750888937012785,0.5767396688461304,0.69808030128479
371,0.7015706806282722,0.945733362980302,0.4175751148935714,0.5766730308532715,0.7015706896781921
372,0.6980802792321117,0.9002869312611985,0.39750888937012785,0.5767266750335693,0.69808030128479
373,0.699825479930192,0.9054410642408939,0.3997846234780911,0.5767955780029297,0.6998254656791687
374,0.7015706806282722,0.9077414468486074,0.4008003246992979,0.5766471028327942,0.7015706896781921
375,0.699825479930192,0.9025810914366956,0.3985218431648936,0.5770681500434875,0.6998254656791687
376,0.699825479930192,0.9054410642408939,0.3997846234780911,0.5766527056694031,0.6998254656791687
377,0.7015706806282722,0.945733362980302,0.4175751148935714,0.5770003795623779,0.7015706896781921
378,0.699825479930192,0.9054410642408939,0.3997846234780911,0.5770049691200256,0.6998254656791687
379,0.6980802792321117,0.9002869312611985,0.39750888937012785,0.576674222946167,0.69808030128479
380,0.699825479930192,0.9054410642408939,0.3997846234780911,0.5766944289207458,0.6998254656791687
381,0.6980802792321117,0.9002869312611985,0.39750888937012785,0.5765706896781921,0.69808030128479
382,0.7015706806282722,0.9077414468486074,0.4008003246992979,0.5764467120170593,0.7015706896781921
383,0.6980802792321117,0.9002869312611985,0.39750888937012785,0.5767517685890198,0.69808030128479
384,0.6980802792321117,0.9002869312611985,0.39750888937012785,0.57668536901474,0.69808030128479
385,0.7033158813263525,0.9480823892878834,0.4186122940485768,0.5769938230514526,0.7033158540725708
386,0.699825479930192,0.9054410642408939,0.3997846234780911,0.5767789483070374,0.6998254656791687
387,0.6980802792321117,0.9002869312611985,0.39750888937012785,0.5764843225479126,0.69808030128479
388,0.6980802792321117,0.9002869312611985,0.39750888937012785,0.576763927936554,0.69808030128479
389,0.7015706806282722,0.9077414468486074,0.4008003246992979,0.5766340494155884,0.7015706896781921
390,0.7033158813263525,0.9480823892878834,0.4186122940485768,0.577180802822113,0.7033158540725708
391,0.7015706806282722,0.945733362980302,0.4175751148935714,0.5769413113594055,0.7015706896781921
392,0.7015706806282722,0.9077414468486074,0.4008003246992979,0.5769346356391907,0.7015706896781921
393,0.7033158813263525,0.9480823892878834,0.4186122940485768,0.5770984292030334,0.7033158540725708
394,0.6980802792321117,0.9002869312611985,0.39750888937012785,0.5767995119094849,0.69808030128479
395,0.7033158813263525,0.9480823892878834,0.4186122940485768,0.5767939686775208,0.7033158540725708
396,0.699825479930192,0.9025810914366956,0.3985218431648936,0.5765821933746338,0.6998254656791687
397,0.7015706806282722,0.9077414468486074,0.4008003246992979,0.5769546031951904,0.7015706896781921
398,0.7033158813263525,0.9480823892878834,0.4186122940485768,0.5772969722747803,0.7033158540725708
399,0.699825479930192,0.9025810914366956,0.3985218431648936,0.5762240290641785,0.6998254656791687
400,0.7033158813263525,0.9480823892878834,0.4186122940485768,0.5769922733306885,0.7033158540725708
401,0.699825479930192,0.9054410642408939,0.3997846234780911,0.5766526460647583,0.6998254656791687
402,0.7015706806282722,0.9428129134283441,0.4162856319325848,0.5773352980613708,0.7015706896781921
403,0.6980802792321117,0.9002869312611985,0.39750888937012785,0.5764473676681519,0.69808030128479
404,0.699825479930192,0.9054410642408939,0.3997846234780911,0.5769633650779724,0.6998254656791687
405,0.7015706806282722,0.9077414468486074,0.4008003246992979,0.5767108201980591,0.7015706896781921
406,0.699825479930192,0.9054410642408939,0.3997846234780911,0.5767223238945007,0.6998254656791687
407,0.6980802792321117,0.9002869312611985,0.39750888937012785,0.5766124129295349,0.69808030128479
408,0.699825479930192,0.9054410642408939,0.3997846234780911,0.5766980051994324,0.6998254656791687
409,0.7015706806282722,0.9077414468486074,0.4008003246992979,0.5768844485282898,0.7015706896781921
410,0.699825479930192,0.9054410642408939,0.3997846234780911,0.5765950083732605,0.6998254656791687
411,0.699825479930192,0.9054410642408939,0.3997846234780911,0.576752245426178,0.6998254656791687
412,0.7015706806282722,0.9077414468486074,0.4008003246992979,0.5766157507896423,0.7015706896781921
413,0.699825479930192,0.9054410642408939,0.3997846234780911,0.5767701268196106,0.6998254656791687
414,0.7015706806282722,0.9077414468486074,0.4008003246992979,0.5768015384674072,0.7015706896781921
415,0.7015706806282722,0.9077414468486074,0.4008003246992979,0.5765650868415833,0.7015706896781921
416,0.699825479930192,0.9054410642408939,0.3997846234780911,0.5766097903251648,0.6998254656791687
417,0.699825479930192,0.9025810914366956,0.3985218431648936,0.5767346024513245,0.6998254656791687
418,0.7033158813263525,0.9480823892878834,0.4186122940485768,0.5768856406211853,0.7033158540725708
419,0.699825479930192,0.9054410642408939,0.3997846234780911,0.5766744017601013,0.6998254656791687
420,0.699825479930192,0.9054410642408939,0.3997846234780911,0.5768560171127319,0.6998254656791687
421,0.6980802792321117,0.9002869312611985,0.39750888937012785,0.5766192674636841,0.69808030128479
422,0.699825479930192,0.9025810914366956,0.3985218431648936,0.5766378045082092,0.6998254656791687
423,0.7015706806282722,0.945733362980302,0.4175751148935714,0.5766974091529846,0.7015706896781921
424,0.699825479930192,0.9025810914366956,0.3985218431648936,0.576518177986145,0.6998254656791687
425,0.7033158813263525,0.9395589967048792,0.4148489112850514,0.5771386027336121,0.7033158540725708
426,0.699825479930192,0.9025810914366956,0.3985218431648936,0.5769379138946533,0.6998254656791687
427,0.7033158813263525,0.9480823892878834,0.4186122940485768,0.5770276784896851,0.7033158540725708
428,0.699825479930192,0.9025810914366956,0.3985218431648936,0.5767358541488647,0.6998254656791687
429,0.6980802792321117,0.9002869312611985,0.39750888937012785,0.5765253901481628,0.69808030128479
430,0.699825479930192,0.9054410642408939,0.3997846234780911,0.576684832572937,0.6998254656791687
431,0.7015706806282722,0.9077414468486074,0.4008003246992979,0.5765734910964966,0.7015706896781921
432,0.6980802792321117,0.9002869312611985,0.39750888937012785,0.576389491558075,0.69808030128479
433,0.7033158813263525,0.9480823892878834,0.4186122940485768,0.5768059492111206,0.7033158540725708
434,0.6980802792321117,0.9002869312611985,0.39750888937012785,0.5765800476074219,0.69808030128479
435,0.699825479930192,0.8935730728468356,0.39454448068106357,0.5768464803695679,0.6998254656791687
436,0.6980802792321117,0.9002869312611985,0.39750888937012785,0.5766066908836365,0.69808030128479
437,0.699825479930192,0.9054410642408939,0.3997846234780911,0.5766362547874451,0.6998254656791687
438,0.699825479930192,0.9054410642408939,0.3997846234780911,0.5765317678451538,0.6998254656791687
439,0.699825479930192,0.9231189064771503,0.40759002327874183,0.5765407681465149,0.6998254656791687
440,0.699825479930192,0.9054410642408939,0.3997846234780911,0.5768705010414124,0.6998254656791687
441,0.699825479930192,0.9054410642408939,0.3997846234780911,0.5769535303115845,0.6998254656791687
442,0.6980802792321117,0.9002869312611985,0.39750888937012785,0.5767470002174377,0.69808030128479
443,0.7015706806282722,0.945733362980302,0.4175751148935714,0.5765388607978821,0.7015706896781921
444,0.7015706806282722,0.9077414468486074,0.4008003246992979,0.576751708984375,0.7015706896781921
445,0.699825479930192,0.9025810914366956,0.3985218431648936,0.576872706413269,0.6998254656791687
446,0.7015706806282722,0.9077414468486074,0.4008003246992979,0.5769184231758118,0.7015706896781921
447,0.6980802792321117,0.9002869312611985,0.39750888937012785,0.5767162442207336,0.69808030128479
448,0.6980802792321117,0.9002869312611985,0.39750888937012785,0.57651686668396,0.69808030128479
449,0.7015706806282722,0.945733362980302,0.4175751148935714,0.5769457817077637,0.7015706896781921
450,0.699825479930192,0.9054410642408939,0.3997846234780911,0.5767704844474792,0.6998254656791687
451,0.7015706806282722,0.9077414468486074,0.4008003246992979,0.5767102241516113,0.7015706896781921
452,0.7015706806282722,0.945733362980302,0.4175751148935714,0.5769354104995728,0.7015706896781921
453,0.699825479930192,0.9025810914366956,0.3985218431648936,0.5765120983123779,0.6998254656791687
454,0.699825479930192,0.9025810914366956,0.3985218431648936,0.5765703916549683,0.6998254656791687
455,0.7015706806282722,0.945733362980302,0.4175751148935714,0.5768555998802185,0.7015706896781921
456,0.6980802792321117,0.9002869312611985,0.39750888937012785,0.5766869783401489,0.69808030128479
457,0.7015706806282722,0.9077414468486074,0.4008003246992979,0.5767727494239807,0.7015706896781921
458,0.699825479930192,0.9054410642408939,0.3997846234780911,0.5764143466949463,0.6998254656791687
459,0.699825479930192,0.9106414605830737,0.40208078451573764,0.5763909220695496,0.6998254656791687
460,0.7015706806282722,0.9077414468486074,0.4008003246992979,0.5768013596534729,0.7015706896781921
461,0.6980802792321117,0.9002869312611985,0.39750888937012785,0.5764192342758179,0.69808030128479
462,0.699825479930192,0.9054410642408939,0.3997846234780911,0.5766890645027161,0.6998254656791687
463,0.7015706806282722,0.9077414468486074,0.4008003246992979,0.5766823291778564,0.7015706896781921
464,0.6980802792321117,0.9002869312611985,0.39750888937012785,0.5764380097389221,0.69808030128479
465,0.7033158813263525,0.9480823892878834,0.4186122940485768,0.5768920183181763,0.7033158540725708
466,0.699825479930192,0.9054410642408939,0.3997846234780911,0.5763012766838074,0.6998254656791687
467,0.7033158813263525,0.9480823892878834,0.4186122940485768,0.5769885778427124,0.7033158540725708
468,0.7015706806282722,0.945733362980302,0.4175751148935714,0.5771763324737549,0.7015706896781921
469,0.6980802792321117,0.9002869312611985,0.39750888937012785,0.5765990614891052,0.69808030128479
470,0.699825479930192,0.9054410642408939,0.3997846234780911,0.5765184760093689,0.6998254656791687
471,0.7015706806282722,0.9077414468486074,0.4008003246992979,0.5769010782241821,0.7015706896781921
472,0.7015706806282722,0.9077414468486074,0.4008003246992979,0.5767236351966858,0.7015706896781921
473,0.6963350785340314,0.8754467748361829,0.38654107161178763,0.5764874219894409,0.6963350772857666
474,0.7015706806282722,0.945733362980302,0.4175751148935714,0.5765342712402344,0.7015706896781921
475,0.6980802792321117,0.9002869312611985,0.39750888937012785,0.5767314434051514,0.69808030128479
476,0.699825479930192,0.9025810914366956,0.3985218431648936,0.5767174959182739,0.6998254656791687
477,0.7015706806282722,0.9077414468486074,0.4008003246992979,0.5765687227249146,0.7015706896781921
478,0.699825479930192,0.9054410642408939,0.3997846234780911,0.5767970681190491,0.6998254656791687
479,0.7015706806282722,0.8993945569081347,0.3971148741671171,0.5769804120063782,0.7015706896781921
480,0.699825479930192,0.9054410642408939,0.3997846234780911,0.5766491293907166,0.6998254656791687
481,0.7015706806282722,0.8993945569081347,0.3971148741671171,0.5770441889762878,0.7015706896781921
482,0.7015706806282722,0.9077414468486074,0.4008003246992979,0.5767592191696167,0.7015706896781921
483,0.6980802792321117,0.9002869312611985,0.39750888937012785,0.5764198899269104,0.69808030128479
484,0.699825479930192,0.9054410642408939,0.3997846234780911,0.5767853260040283,0.6998254656791687
485,0.6980802792321117,0.9002869312611985,0.39750888937012785,0.576566755771637,0.69808030128479
486,0.699825479930192,0.9054410642408939,0.3997846234780911,0.5767364501953125,0.6998254656791687
487,0.699825479930192,0.9025810914366956,0.3985218431648936,0.5767435431480408,0.6998254656791687
488,0.7015706806282722,0.9077414468486074,0.4008003246992979,0.5764328241348267,0.7015706896781921
489,0.7015706806282722,0.945733362980302,0.4175751148935714,0.5768388509750366,0.7015706896781921
490,0.699825479930192,0.9054410642408939,0.3997846234780911,0.5768047571182251,0.6998254656791687
491,0.7015706806282722,0.945733362980302,0.4175751148935714,0.5767512917518616,0.7015706896781921
492,0.6980802792321117,0.9002869312611985,0.39750888937012785,0.57679682970047,0.69808030128479
493,0.699825479930192,0.9054410642408939,0.3997846234780911,0.5769128203392029,0.6998254656791687
494,0.6980802792321117,0.9002869312611985,0.39750888937012785,0.5772107839584351,0.69808030128479
495,0.699825479930192,0.9054410642408939,0.3997846234780911,0.5770201683044434,0.6998254656791687
496,0.6980802792321117,0.9002869312611985,0.39750888937012785,0.5765675902366638,0.69808030128479
497,0.7033158813263525,0.9480823892878834,0.4186122940485768,0.5769546031951904,0.7033158540725708
498,0.6980802792321117,0.9002869312611985,0.39750888937012785,0.5765539407730103,0.69808030128479
